id_loan,id_direct_loantaker,name_direct_loantaker,id_intermediate_parent_1,name_intermediate_parent_1,id_ultimate_parent,name_ultimate_parent,loan_size_outstanding,loan_size_outstanding_currency,loan_size_credit_limit,loan_size_credit_limit_currency,sector_classification_system,sector_classification_input_type,sector_classification_direct_loantaker,fi_type,flag_project_finance_loan,name_project,lei_direct_loantaker,isin_direct_loantaker,id_2dii,level,sector,sector_ald,name,name_ald,score,source
L151,C168,Shaanxi Auto,NA,NA,UP318,Zoox,396377,EUR,20672277,EUR,NACE,Code,291,Loan,No,NA,NA,NA,DL167,direct_loantaker,automotive,automotive,Shaanxi Auto,shaanxi auto,1,loanbook
L152,C169,Shandong Auto,NA,NA,UP242,Shandong Kama,319353,EUR,19903863,EUR,NACE,Code,291,Loan,No,NA,NA,NA,DL168,direct_loantaker,automotive,automotive,Shandong Auto,shandong auto,1,loanbook
L153,C170,Shandong Kama,NA,NA,UP128,Huanghai Motors,258105,EUR,19292835,EUR,NACE,Code,291,Loan,No,NA,NA,NA,DL169,direct_loantaker,automotive,automotive,Shandong Kama,shandong kama,1,loanbook
L154,C171,Shandong Tangjun Ouling,NA,NA,UP89,Electric Mobility Solutions,332345,EUR,20033475,EUR,NACE,Code,291,Loan,No,NA,NA,NA,DL170,direct_loantaker,automotive,automotive,Shandong Tangjun Ouling,shandong tangjun ouling,1,loanbook
L155,C173,Shanghai Automotive Industry Corp,NA,NA,UP114,Guizhou Yunque,203353,EUR,18746613,EUR,NACE,Code,291,Loan,No,NA,NA,NA,DL172,direct_loantaker,automotive,automotive,Shanghai Automotive Industry Corp,shanghai automotive industry corp,1,loanbook
L156,C176,Shanxi Dayun,NA,NA,UP145,Jiangling Jingma,329561,EUR,20005701,EUR,NACE,Code,291,Loan,No,NA,NA,NA,DL175,direct_loantaker,automotive,automotive,Shanxi Dayun,shanxi dayun,1,loanbook
L157,C178,Shenyang Polarsun,NA,NA,UP309,Yulon,261817,EUR,19329867,EUR,NACE,Code,291,Loan,No,NA,NA,NA,DL177,direct_loantaker,automotive,automotive,Shenyang Polarsun,shenyang polarsun,1,loanbook
L158,C180,Shuanghuan Auto,NA,NA,UP234,Santana,337913,EUR,20089023,EUR,NACE,Code,291,Loan,No,NA,NA,NA,DL179,direct_loantaker,automotive,automotive,Shuanghuan Auto,shuanghuan auto,1,loanbook
L159,C182,Sichuan Auto,NA,NA,UP202,Otokar,227481,EUR,18987321,EUR,NACE,Code,291,Loan,No,NA,NA,NA,DL181,direct_loantaker,automotive,automotive,Sichuan Auto,sichuan auto,1,loanbook
L160,C184,Singulato,NA,NA,UP185,Morattab,334201,EUR,20051991,EUR,NACE,Code,291,Loan,No,NA,NA,NA,DL183,direct_loantaker,automotive,automotive,Singulato,singulato,1,loanbook
L161,C185,Sinotruk,NA,NA,UP147,Jiangxi Huaxiang Fuqi,273881,EUR,19450221,EUR,NACE,Code,291,Loan,No,NA,NA,NA,DL184,direct_loantaker,automotive,automotive,Sinotruk,sinotruk,1,loanbook
L162,C188,South-East Automobile,NA,NA,UP230,"San Yang Industry Co., Ltd.",338841,EUR,20098281,EUR,NACE,Code,291,Loan,No,NA,NA,NA,DL188,direct_loantaker,automotive,automotive,South-East Automobile,south-east automobile,1,loanbook
L163,C192,Streetscooter,NA,NA,UP305,Xiaopeng,245113,EUR,19163223,EUR,NACE,Code,291,Loan,No,NA,NA,NA,DL192,direct_loantaker,automotive,automotive,Streetscooter,streetscooter,1,loanbook
L164,C193,Subaru Corp,NA,NA,UP94,Faraday Future,335129,EUR,20061249,EUR,NACE,Code,291,Loan,No,NA,NA,NA,DL193,direct_loantaker,automotive,automotive,Subaru Corp,subaru corp,1,loanbook
L165,C195,Sunwin Bus,NA,NA,UP79,Dongfeng-Luxgen,285945,EUR,19570575,EUR,NACE,Code,291,Loan,No,NA,NA,NA,DL195,direct_loantaker,automotive,automotive,Sunwin Bus,sunwin bus,1,loanbook
L166,C196,Suzuki Motor Corp,NA,NA,UP206,Perodua,339769,EUR,20107539,EUR,NACE,Code,291,Loan,No,NA,NA,NA,DL196,direct_loantaker,automotive,automotive,Suzuki Motor Corp,suzuki motor corp,1,loanbook
L167,C197,Tagaz/Doninvest,NA,NA,UP212,Pininfarina-Bollore,295225,EUR,19663155,EUR,NACE,Code,291,Loan,No,NA,NA,NA,DL197,direct_loantaker,automotive,automotive,Tagaz/Doninvest,tagaz/doninvest,1,loanbook
L168,C199,Tarpan,NA,NA,UP95,Faw Toyota,336985,EUR,20079765,EUR,NACE,Code,291,Loan,No,NA,NA,NA,DL199,direct_loantaker,automotive,automotive,Tarpan,tarpan,1,loanbook
L169,C201,Tata Group,NA,NA,UP227,Saic Gm Dongyue,324921,EUR,19959411,EUR,NACE,Code,291,Loan,No,NA,NA,NA,DL201,direct_loantaker,automotive,automotive,Tata Group,tata group,1,loanbook
L170,C203,Tesla Inc,NA,NA,UP23,Aston Martin,341625,EUR,20126055,EUR,NACE,Code,291,Loan,No,NA,NA,NA,DL203,direct_loantaker,automotive,automotive,Tesla Inc,tesla inc,1,loanbook
L171,C204,Tianjin Meiya,NA,NA,UP290,Vab Sipox,303577,EUR,19746477,EUR,NACE,Code,291,Loan,No,NA,NA,NA,DL204,direct_loantaker,automotive,automotive,Tianjin Meiya,tianjin meiya,1,loanbook
L172,C206,Tofas,NA,NA,UP171,Leeco,344409,EUR,20153829,EUR,NACE,Code,291,Loan,No,NA,NA,NA,DL206,direct_loantaker,automotive,automotive,Tofas,tofas,1,loanbook
L173,C207,Toyota Motor Corp,NA,NA,UP233,Sanjiang Renault,333273,EUR,20042733,EUR,NACE,Code,291,Loan,No,NA,NA,NA,DL207,direct_loantaker,automotive,automotive,Toyota Motor Corp,toyota motor corp,1,loanbook
L314,C208,Toyota Motor Corporation,NA,NA,UP279,Toyota Motor Corp,300047,EUR,300047,EUR,NACE,Code,2910,Loan,No,NA,NA,NA,DL208,direct_loantaker,automotive,automotive,Toyota Motor Corporation,toyota motor corp,1,loanbook
L315,C208,Toyota Motor Corporation,NA,NA,UP279,Toyota Motor Corp,300048,EUR,300048,EUR,NACE,Code,2910,Loan,No,NA,NA,NA,DL208,direct_loantaker,automotive,automotive,Toyota Motor Corporation,toyota motor corp,1,loanbook
L174,C211,Tvr,NA,NA,UP53,Chehejia,342553,EUR,20135313,EUR,NACE,Code,291,Loan,No,NA,NA,NA,DL211,direct_loantaker,automotive,automotive,Tvr,tvr,1,loanbook
L175,C212,Uaz,NA,NA,UP303,Wuling,312857,EUR,19839057,EUR,NACE,Code,291,Loan,No,NA,NA,NA,DL212,direct_loantaker,automotive,automotive,Uaz,uaz,1,loanbook
L176,C213,Vab Sipox,NA,NA,UP119,Hebei Yujie Vehicle Corporation,349049,EUR,20200119,EUR,NACE,Code,291,Loan,No,NA,NA,NA,DL213,direct_loantaker,automotive,automotive,Vab Sipox,vab sipox,1,loanbook
L177,C214,Vinfast,NA,NA,UP191,Naza Motor,270169,EUR,19413189,EUR,NACE,Code,291,Loan,No,NA,NA,NA,DL214,direct_loantaker,automotive,automotive,Vinfast,vinfast,1,loanbook
L178,C215,Volkswagen Ag,NA,NA,UP144,Jianghuai-Vw,340697,EUR,20116797,EUR,NACE,Code,291,Loan,No,NA,NA,NA,DL215,direct_loantaker,automotive,automotive,Volkswagen Ag,volkswagen ag,1,loanbook
L180,C217,Weichai Power Co Ltd,NA,NA,UP25,Avtozaz,255321,EUR,19265061,EUR,NACE,Code,291,Loan,No,NA,NA,NA,DL217,direct_loantaker,automotive,automotive,Weichai Power Co Ltd,weichai power co ltd,1,loanbook
L181,C218,Wheego,NA,NA,UP36,Bogdan,343481,EUR,20144571,EUR,NACE,Code,291,Loan,No,NA,NA,NA,DL218,direct_loantaker,automotive,automotive,Wheego,wheego,1,loanbook
L182,C219,Wm Motor,NA,NA,UP149,Jilin Tongtian,346265,EUR,20172345,EUR,NACE,Code,291,Loan,No,NA,NA,NA,DL219,direct_loantaker,automotive,automotive,Wm Motor,wm motor,1,loanbook
L183,C221,Wuling,NA,NA,UP245,Shenyang Polarsun,316569,EUR,19876089,EUR,NACE,Code,291,Loan,No,NA,NA,NA,DL221,direct_loantaker,automotive,automotive,Wuling,wuling,1,loanbook
L184,C222,Xiamen Automotive Industry Corporation,NA,NA,UP176,Master,355545,EUR,20264925,EUR,NACE,Code,291,Loan,No,NA,NA,NA,DL222,direct_loantaker,automotive,automotive,Xiamen Automotive Industry Corporation,xiamen automotive industry corporation,1,loanbook
L185,C223,"Xiamen State-Owned Assets Investment Co., Ltd",NA,NA,UP136,Intrall Polska,351833,EUR,20227893,EUR,NACE,Code,291,Loan,No,NA,NA,NA,DL223,direct_loantaker,automotive,automotive,"Xiamen State-Owned Assets Investment Co., Ltd","xiamen state-owned assets investment co., ltd",1,loanbook
L186,C224,Xiaopeng,NA,NA,UP182,Modiran,354617,EUR,20255667,EUR,NACE,Code,291,Loan,No,NA,NA,NA,DL224,direct_loantaker,automotive,automotive,Xiaopeng,xiaopeng,1,loanbook
L187,C225,Yangzhou Yaxing,NA,NA,UP294,Vinfast,328633,EUR,19996443,EUR,NACE,Code,291,Loan,No,NA,NA,NA,DL225,direct_loantaker,automotive,automotive,Yangzhou Yaxing,yangzhou yaxing,1,loanbook
L188,C277,Youngman Lotus,NA,NA,UP317,Zil,369465,EUR,20403795,EUR,NACE,Code,291,Loan,No,NA,NA,NA,DL277,direct_loantaker,automotive,automotive,Youngman Lotus,youngman lotus,1,loanbook
L189,C279,Youxia,NA,NA,UP102,Gac Changfeng,363897,EUR,20348247,EUR,NACE,Code,291,Loan,No,NA,NA,NA,DL279,direct_loantaker,automotive,automotive,Youxia,youxia,1,loanbook
L190,C288,Yto Group,NA,NA,UP118,Hawtai,356473,EUR,20274183,EUR,NACE,Code,291,Loan,No,NA,NA,NA,DL288,direct_loantaker,automotive,automotive,Yto Group,yto group,1,loanbook
L191,C300,Yudo Auto,NA,NA,UP307,Youngman Lotus,360185,EUR,20311215,EUR,NACE,Code,291,Loan,No,NA,NA,NA,DL300,direct_loantaker,automotive,automotive,Yudo Auto,yudo auto,1,loanbook
L192,C306,Yulon,NA,NA,UP146,Jiangsu Joylong,370393,EUR,20413053,EUR,NACE,Code,291,Loan,No,NA,NA,NA,DL306,direct_loantaker,automotive,automotive,Yulon,yulon,1,loanbook
L193,C310,Zamyad,NA,NA,UP80,Dongfeng Honda,368537,EUR,20394537,EUR,NACE,Code,291,Loan,No,NA,NA,NA,DL310,direct_loantaker,automotive,automotive,Zamyad,zamyad,1,loanbook
L194,C311,Zastava,NA,NA,UP274,Tianjin Meiya,362969,EUR,20338989,EUR,NACE,Code,291,Loan,No,NA,NA,NA,DL311,direct_loantaker,automotive,automotive,Zastava,zastava,1,loanbook
L195,C313,Zhengzhou Yutong Bus Co Ltd,NA,NA,UP52,Ch Auto,389881,EUR,20607471,EUR,NACE,Code,291,Loan,No,NA,NA,NA,DL313,direct_loantaker,automotive,automotive,Zhengzhou Yutong Bus Co Ltd,zhengzhou yutong bus co ltd,1,loanbook
L196,C314,Zhongxing,NA,NA,UP250,Sinotruk,375033,EUR,20459343,EUR,NACE,Code,291,Loan,No,NA,NA,NA,DL314,direct_loantaker,automotive,automotive,Zhongxing,zhongxing,1,loanbook
L197,C316,Zil,NA,NA,UP276,Tofas,402873,EUR,20737083,EUR,NACE,Code,291,Loan,No,NA,NA,NA,DL316,direct_loantaker,automotive,automotive,Zil,zil,1,loanbook
L198,C317,Ziyang Nanjun,NA,NA,UP58,Chtc Auto,373177,EUR,20440827,EUR,NACE,Code,291,Loan,No,NA,NA,NA,DL317,direct_loantaker,automotive,automotive,Ziyang Nanjun,ziyang nanjun,1,loanbook
L199,C318,Zoox,NA,NA,UP304,"Xiamen State-Owned Assets Investment Co., Ltd",393593,EUR,20644503,EUR,NACE,Code,291,Loan,No,NA,NA,NA,DL318,direct_loantaker,automotive,automotive,Zoox,zoox,1,loanbook
L200,C319,Zotye Auto,NA,NA,UP181,Mitsubishi Fuso,377817,EUR,20487117,EUR,NACE,Code,291,Loan,No,NA,NA,NA,DL319,direct_loantaker,automotive,automotive,Zotye Auto,zotye auto,1,loanbook
L316,C3,Airasia X Bhd,NA,NA,UP7,Airasia X Bhd,300049,EUR,300049,EUR,NACE,Code,5110,Loan,No,NA,NA,NA,DL3,direct_loantaker,aviation,aviation,Airasia X Bhd,airasia x bhd,1,loanbook
L317,C4,Airbaltic,NA,NA,UP8,Airbaltic,300050,EUR,300050,EUR,NACE,Code,5110,Loan,No,NA,NA,NA,DL4,direct_loantaker,aviation,aviation,Airbaltic,airbaltic,1,loanbook
L318,C5,Airblue,NA,NA,UP9,Airblue,300051,EUR,300051,EUR,NACE,Code,5110,Loan,No,NA,NA,NA,DL5,direct_loantaker,aviation,aviation,Airblue,airblue,1,loanbook
L319,C6,Airborne Of Sweden,NA,NA,UP10,Airborne Of Sweden,300052,EUR,300052,EUR,NACE,Code,5110,Loan,No,NA,NA,NA,DL6,direct_loantaker,aviation,aviation,Airborne Of Sweden,airborne of sweden,1,loanbook
L320,C7,Airbus Transport International,NA,NA,UP11,Airbus Transport International,300053,EUR,300053,EUR,NACE,Code,3030,Loan,No,NA,NA,NA,DL7,direct_loantaker,aviation,aviation,Airbus Transport International,airbus transport international,1,loanbook
L207,C9,American Cement,NA,NA,UP301,Wietersdorfer & Peggauer,216345,EUR,18876225,EUR,NACE,Code,2351,Loan,No,NA,NA,NA,DL9,direct_loantaker,cement,cement,American Cement,american cement,1,loanbook
L222,C10,Araratcement,NA,NA,UP226,Sa Tudela Veguín,403801,EUR,20746341,EUR,NACE,Code,2351,Loan,No,NA,NA,NA,DL10,direct_loantaker,cement,cement,Araratcement,araratcement,1,loanbook
L215,C14,Boral Cement,NA,NA,UP47,Cemento Sur,193145,EUR,18644775,EUR,NACE,Code,2351,Loan,No,NA,NA,NA,DL13,direct_loantaker,cement,cement,Boral Cement,boral cement,1,loanbook
L206,C18,Cimentos Forte,NA,NA,UP159,Kehua Group,381529,EUR,20524149,EUR,NACE,Code,2351,Loan,No,NA,NA,NA,DL17,direct_loantaker,cement,cement,Cimentos Forte,cimentos forte,1,loanbook
L240,C25,Dragon Cement,NA,NA,UP148,Jiaozuo Qianye Cement,281305,EUR,19524285,EUR,NACE,Code,2351,Loan,No,NA,NA,NA,DL24,direct_loantaker,cement,cement,Dragon Cement,dragon cement,1,loanbook
L241,C99,Hitachi Cement,NA,NA,UP217,Qujing Cement,400089,EUR,20709309,EUR,NACE,Code,2351,Loan,No,NA,NA,NA,DL98,direct_loantaker,cement,cement,Hitachi Cement,hitachi cement,1,loanbook
L227,C100,Holcim Hüttenzement,NA,NA,UP120,Heilungkiang Huanan Xinglong Cement,398233,EUR,20690793,EUR,NACE,Code,2351,Loan,No,NA,NA,NA,DL99,direct_loantaker,cement,cement,Holcim Hüttenzement,holcim hüttenzement,1,loanbook
L203,C119,Mai Son Cement,NA,NA,UP255,Sonatrach,406585,EUR,20774115,EUR,NACE,Code,2351,Loan,No,NA,NA,NA,DL118,direct_loantaker,cement,cement,Mai Son Cement,mai son cement,1,loanbook
L225,C120,Morgan Cement,NA,NA,UP298,Wanrong Cement,388025,EUR,20588955,EUR,NACE,Code,2351,Loan,No,NA,NA,NA,DL120,direct_loantaker,cement,cement,Morgan Cement,morgan cement,1,loanbook
L216,C157,Quang Tri Cement,NA,NA,UP183,Mombassa Cement,403801,EUR,20746341,EUR,NACE,Code,2351,Loan,No,NA,NA,NA,DL156,direct_loantaker,cement,cement,Quang Tri Cement,quang tri cement,1,loanbook
L209,C172,Shangfeng Cement Group,NA,NA,UP184,Momtazan Kerman Cement Company,212633,EUR,18839193,EUR,NACE,Code,2351,Loan,No,NA,NA,NA,DL171,direct_loantaker,cement,cement,Shangfeng Cement Group,shangfeng cement group,1,loanbook
L205,C189,Sri Lanka Cement Corporation,NA,NA,UP289,Unknown Chinese,201497,EUR,18728097,EUR,NACE,Code,2351,Loan,No,NA,NA,NA,DL189,direct_loantaker,cement,cement,Sri Lanka Cement Corporation,sri lanka cement corporation,1,loanbook
L214,C190,State-Owned Samgwong Cement,NA,NA,UP270,Sunnsy Group,386169,EUR,20570439,EUR,NACE,Code,2351,Loan,No,NA,NA,NA,DL191,direct_loantaker,cement,cement,State-Owned Samgwong Cement,state-owned samgwong cement,1,loanbook
L233,C205,Titan Florida,NA,NA,UP231,Sanca Sa Nouvelle Cimenterie Amboanio,392665,EUR,20635245,EUR,NACE,Code,2351,Loan,No,NA,NA,NA,DL205,direct_loantaker,cement,cement,Titan Florida,titan florida,1,loanbook
L287,C2,Africa Oil Corp,NA,NA,UP41,Carrizo Oil & Gas Inc,300020,EUR,300020,EUR,NACE,Code,610,Loan,No,NA,NA,NA,DL2,direct_loantaker,oil and gas,oil and gas,Africa Oil Corp,africa oil corp,1,loanbook
L309,C11,Arc Resources Ltd,NA,NA,UP29,Bengal Energy Ltd,300042,EUR,300042,EUR,NACE,Code,610,Loan,No,NA,NA,NA,DL11,direct_loantaker,oil and gas,oil and gas,Arc Resources Ltd,arc resources ltd,1,loanbook
L299,C12,Banco Btg Pactual Sa,NA,NA,UP200,Ophir Energy Plc,300032,EUR,300032,EUR,NACE,Code,610,Loan,No,NA,NA,NA,DL12,direct_loantaker,oil and gas,oil and gas,Banco Btg Pactual Sa,banco btg pactual sa,1,loanbook
L283,C15,Brightoil Petroleum Holdings Ltd,NA,NA,UP198,Odebrecht Oleo E Gas Sa,300016,EUR,300016,EUR,NACE,Code,610,Loan,No,NA,NA,NA,DL14,direct_loantaker,oil and gas,oil and gas,Brightoil Petroleum Holdings Ltd,brightoil petroleum holdings ltd,1,loanbook
L292,C21,Contango Oil & Gas Co,NA,NA,UP142,Jersey Oil & Gas Plc,300025,EUR,300025,EUR,NACE,Code,610,Loan,No,NA,NA,NA,DL20,direct_loantaker,oil and gas,oil and gas,Contango Oil & Gas Co,contango oil & gas co,1,loanbook
L301,C23,Corridor Resources Inc,NA,NA,UP194,Noe Landes-Beteiligungsholding Gmbh,300034,EUR,300034,EUR,NACE,Code,610,Loan,No,NA,NA,NA,DL22,direct_loantaker,oil and gas,oil and gas,Corridor Resources Inc,corridor resources inc,1,loanbook
L295,C24,Dialog Group Bhd,NA,NA,UP99,Fosun Holdings Ltd,300028,EUR,300028,EUR,NACE,Code,610,Loan,No,NA,NA,NA,DL23,direct_loantaker,oil and gas,oil and gas,Dialog Group Bhd,dialog group bhd,1,loanbook
L303,C27,Ebn Bv,NA,NA,UP220,Roch Sa,300036,EUR,300036,EUR,NACE,Code,610,Loan,No,NA,NA,NA,DL26,direct_loantaker,oil and gas,oil and gas,Ebn Bv,ebn bv,1,loanbook
L300,C28,Ecopetrol Sa,NA,NA,UP232,Sanchez Energy Corp,300033,EUR,300033,EUR,NACE,Code,610,Loan,No,NA,NA,NA,DL27,direct_loantaker,oil and gas,oil and gas,Ecopetrol Sa,ecopetrol sa,1,loanbook
L310,C31,Enerplus Corp,NA,NA,UP208,Petrol Dd Ljubljana,300043,EUR,300043,EUR,NACE,Code,610,Loan,No,NA,NA,NA,DL30,direct_loantaker,oil and gas,oil and gas,Enerplus Corp,enerplus corp,1,loanbook
L290,C32,Enquest Plc,NA,NA,UP251,Sk Holdings Co Ltd,300023,EUR,300023,EUR,NACE,Code,610,Loan,No,NA,NA,NA,DL31,direct_loantaker,oil and gas,oil and gas,Enquest Plc,enquest plc,1,loanbook
L296,C33,Essar Energy Ltd,NA,NA,UP103,Gail India Ltd,300029,EUR,300029,EUR,NACE,Code,610,Loan,No,NA,NA,NA,DL32,direct_loantaker,oil and gas,oil and gas,Essar Energy Ltd,essar energy ltd,1,loanbook
L282,C34,Etablissements Maurel Et Prom,NA,NA,UP50,Centrica Plc,300015,EUR,300015,EUR,NACE,Code,610,Loan,No,NA,NA,NA,DL33,direct_loantaker,oil and gas,oil and gas,Etablissements Maurel Et Prom,etablissements maurel et prom,1,loanbook
L307,C35,Geo-Jade Petroleum Corp,NA,NA,UP292,Vanguard Natural Resources Inc,300040,EUR,300040,EUR,NACE,Code,610,Loan,No,NA,NA,NA,DL34,direct_loantaker,oil and gas,oil and gas,Geo-Jade Petroleum Corp,geo-jade petroleum corp,1,loanbook
L293,C37,Givot Olam Oil Exploration Lp,NA,NA,UP193,New World Resources Plc,300026,EUR,300026,EUR,NACE,Code,610,Loan,No,NA,NA,NA,DL36,direct_loantaker,oil and gas,oil and gas,Givot Olam Oil Exploration Lp,givot olam oil exploration lp,1,loanbook
L313,C38,Glencore Plc,NA,NA,UP266,State Of Qatar,300046,EUR,300046,EUR,NACE,Code,610,Loan,No,NA,NA,NA,DL37,direct_loantaker,oil and gas,oil and gas,Glencore Plc,glencore plc,1,loanbook
L278,C107,Jerusalem Oil Exploration,NA,NA,UP207,Petro Rio Sa,300011,EUR,300011,EUR,NACE,Code,610,Loan,No,NA,NA,NA,DL106,direct_loantaker,oil and gas,oil and gas,Jerusalem Oil Exploration,jerusalem oil exploration,1,loanbook
L289,C109,Jxtg Holdings Inc,NA,NA,UP115,Gulfport Energy Corp,300022,EUR,300022,EUR,NACE,Code,610,Loan,No,NA,NA,NA,DL108,direct_loantaker,oil and gas,oil and gas,Jxtg Holdings Inc,jxtg holdings inc,1,loanbook
L277,C114,Krisenergy Ltd,NA,NA,UP105,Gastar Exploration Inc,300010,EUR,300010,EUR,NACE,Code,610,Loan,No,NA,NA,NA,DL113,direct_loantaker,oil and gas,oil and gas,Krisenergy Ltd,krisenergy ltd,1,loanbook
L276,C118,Madalena Energy Inc,NA,NA,UP51,Cercl Mining Bv,300009,EUR,300009,EUR,NACE,Code,610,Loan,No,NA,NA,NA,DL117,direct_loantaker,oil and gas,oil and gas,Madalena Energy Inc,madalena energy inc,1,loanbook
L297,C125,Nalcor Energy,NA,NA,UP123,Hibiscus Petroleum Bhd,300030,EUR,300030,EUR,NACE,Code,610,Loan,No,NA,NA,NA,DL125,direct_loantaker,oil and gas,oil and gas,Nalcor Energy,nalcor energy,1,loanbook
L291,C148,Oasis Petroleum Inc,NA,NA,UP178,Medanito Sa,300024,EUR,300024,EUR,NACE,Code,610,Loan,No,NA,NA,NA,DL147,direct_loantaker,oil and gas,oil and gas,Oasis Petroleum Inc,oasis petroleum inc,1,loanbook
L280,C151,Panoro Energy Asa,NA,NA,UP140,Japan Petroleum Exploration Co Ltd,300013,EUR,300013,EUR,NACE,Code,610,Loan,No,NA,NA,NA,DL150,direct_loantaker,oil and gas,oil and gas,Panoro Energy Asa,panoro energy asa,1,loanbook
L302,C153,People'S Republic Of China,NA,NA,UP59,Cias Asociadas Petroleras Sa,300035,EUR,300035,EUR,NACE,Code,610,Loan,No,NA,NA,NA,DL152,direct_loantaker,oil and gas,oil and gas,People'S Republic Of China,people's republic of china,1,loanbook
L288,C154,Pertamina Persero Pt,NA,NA,UP213,Pioneer Natural Resources Co,300021,EUR,300021,EUR,NACE,Code,610,Loan,No,NA,NA,NA,DL153,direct_loantaker,oil and gas,oil and gas,Pertamina Persero Pt,pertamina persero pt,1,loanbook
L304,C158,Republic Of Chile,NA,NA,UP112,Gs Energy Corp,300037,EUR,300037,EUR,NACE,Code,610,Loan,No,NA,NA,NA,DL157,direct_loantaker,oil and gas,oil and gas,Republic Of Chile,republic of chile,1,loanbook
L305,C160,Rosneft Oil Co Pjsc,NA,NA,UP77,Diamondback Energy Inc,300038,EUR,300038,EUR,NACE,Code,610,Loan,No,NA,NA,NA,DL159,direct_loantaker,oil and gas,oil and gas,Rosneft Oil Co Pjsc,rosneft oil co pjsc,1,loanbook
L312,C161,Russian Federation,NA,NA,UP253,Socialist Republic Of Vietnam,300045,EUR,300045,EUR,NACE,Code,610,Loan,No,NA,NA,NA,DL160,direct_loantaker,oil and gas,oil and gas,Russian Federation,russian federation,1,loanbook
L308,C163,Samsung Engineering Co Ltd,NA,NA,UP268,Suelopetrol,300041,EUR,300041,EUR,NACE,Code,610,Loan,No,NA,NA,NA,DL162,direct_loantaker,oil and gas,oil and gas,Samsung Engineering Co Ltd,samsung engineering co ltd,1,loanbook
L284,C166,Seoul City Gas Co Ltd,NA,NA,UP262,Stadtwerke Muenchen Gmbh,300017,EUR,300017,EUR,NACE,Code,610,Loan,No,NA,NA,NA,DL165,direct_loantaker,oil and gas,oil and gas,Seoul City Gas Co Ltd,seoul city gas co ltd,1,loanbook
L285,C167,Serica Energy Plc,NA,NA,UP96,Federation Of Malaysia,300018,EUR,300018,EUR,NACE,Code,610,Loan,No,NA,NA,NA,DL166,direct_loantaker,oil and gas,oil and gas,Serica Energy Plc,serica energy plc,1,loanbook
L286,C179,Sherritt International Corp,NA,NA,UP254,Soco International Plc,300019,EUR,300019,EUR,NACE,Code,610,Loan,No,NA,NA,NA,DL178,direct_loantaker,oil and gas,oil and gas,Sherritt International Corp,sherritt international corp,1,loanbook
L281,C194,Sunshine Oilsands Ltd,NA,NA,UP161,Korea Gas Corp,300014,EUR,300014,EUR,NACE,Code,610,Loan,No,NA,NA,NA,DL194,direct_loantaker,oil and gas,oil and gas,Sunshine Oilsands Ltd,sunshine oilsands ltd,1,loanbook
L306,C198,Tap Oil Ltd,NA,NA,UP235,Sapura Energy Bhd,300039,EUR,300039,EUR,NACE,Code,610,Loan,No,NA,NA,NA,DL198,direct_loantaker,oil and gas,oil and gas,Tap Oil Ltd,tap oil ltd,1,loanbook
L311,C209,Trg Holding As,NA,NA,UP238,Scomi Energy Services Bhd,300044,EUR,300044,EUR,NACE,Code,610,Loan,No,NA,NA,NA,DL209,direct_loantaker,oil and gas,oil and gas,Trg Holding As,trg holding as,1,loanbook
L100,C122,Nagina Cotton Mills Ltd,NA,NA,UP37,Bombay Crimper,215417,EUR,18866967,EUR,NACE,Code,3511,Loan,No,NA,NA,NA,DL122,direct_loantaker,power,power,Nagina Cotton Mills Ltd,nagina cotton mills ltd,1,loanbook
L99,C123,Nagpur Tools Pvt. Ltd.,NA,NA,UP44,Cattle Farm Ubbels,304505,EUR,19755735,EUR,NACE,Code,3511,Loan,No,NA,NA,NA,DL123,direct_loantaker,power,power,Nagpur Tools Pvt. Ltd.,nagpur tools pvt. ltd.,1,loanbook
L98,C124,Nagreeka Foils Ltd,NA,NA,UP64,City Maebashi,272953,EUR,19440963,EUR,NACE,Code,3511,Loan,No,NA,NA,NA,DL124,direct_loantaker,power,power,Nagreeka Foils Ltd,nagreeka foils ltd,1,loanbook
L97,C126,Nalini Properties Pvt. Ltd.,NA,NA,UP158,Kaytee Apex Pvt. Ltd.,311929,EUR,19829799,EUR,NACE,Code,3511,Loan,No,NA,NA,NA,DL126,direct_loantaker,power,power,Nalini Properties Pvt. Ltd.,nalini properties pvt. ltd.,1,loanbook
L96,C127,Nalsing Gad Hydropower Development Committee,NA,NA,UP277,Tolsa S.A.,182937,EUR,18542937,EUR,NACE,Code,3511,Loan,No,NA,NA,NA,DL127,direct_loantaker,power,power,Nalsing Gad Hydropower Development Committee,nalsing gad hydropower development committee,1,loanbook
L92,C131,Nama Holding Company Saoc,NA,NA,UP214,Power Electronics Ltd.,241401,EUR,19126191,EUR,NACE,Code,3511,Loan,No,NA,NA,NA,DL131,direct_loantaker,power,power,Nama Holding Company Saoc,nama holding company saoc,1,loanbook
L95,C128,Nam Chien Hydropower Joint Stock Company,NA,NA,UP240,Sembcorp Utilities (Uk) Ltd,300793,EUR,19718703,EUR,NACE,Code,3511,Loan,No,NA,NA,NA,DL128,direct_loantaker,power,power,Nam Chien Hydropower Joint Stock Company,nam chien hydropower joint stock company,1,loanbook
L91,C132,Namgis First Nation,NA,NA,UP141,"Jericho Rise Wind Farm, Llc",395449,EUR,20663019,EUR,NACE,Code,3511,Loan,No,NA,NA,NA,DL132,direct_loantaker,power,power,Namgis First Nation,namgis first nation,1,loanbook
L90,C133,Namhae Energy,NA,NA,UP312,Zhejiang Electric Power Industry Bureau,314713,EUR,19857573,EUR,NACE,Code,3511,Loan,No,NA,NA,NA,DL133,direct_loantaker,power,power,Namhae Energy,namhae energy,1,loanbook
L94,C129,"Nam Long Power Co., Ltd.",NA,NA,UP31,Bhagawati Hydropower Development Company,269241,EUR,19403931,EUR,NACE,Code,3511,Loan,No,NA,NA,NA,DL129,direct_loantaker,power,power,"Nam Long Power Co., Ltd.","nam long power co., ltd.",1,loanbook
L93,C130,Nam Lum Hydroelectric,NA,NA,UP14,Allianz Capital Partners Gmbh,242329,EUR,19135449,EUR,NACE,Code,3511,Loan,No,NA,NA,NA,DL130,direct_loantaker,power,power,Nam Lum Hydroelectric,nam lum hydroelectric,1,loanbook
L89,C134,Nammo Liab Ab,NA,NA,UP300,Warmeverbundkraftwerk Freiburg Gmbh,235833,EUR,19070643,EUR,NACE,Code,3511,Loan,No,NA,NA,NA,DL134,direct_loantaker,power,power,Nammo Liab Ab,nammo liab ab,1,loanbook
L88,C135,Nampower,NA,NA,UP116,"Guohua (Tongliao) Wind Power Co., Ltd.",409369,EUR,20801889,EUR,NACE,Code,3511,Loan,No,NA,NA,NA,DL135,direct_loantaker,power,power,Nampower,nampower,1,loanbook
L86,C137,Nanaimo Forest Products Ltd.,NA,NA,UP1,Aba Hydropower Generation Co Ltd,263673,EUR,19348383,EUR,NACE,Code,3511,Loan,No,NA,NA,NA,DL137,direct_loantaker,power,power,Nanaimo Forest Products Ltd.,nanaimo forest products ltd.,1,loanbook
L87,C136,Nana Layja Power Co. Ltd.,NA,NA,UP256,Song Ba Joint Stock Company,296153,EUR,19672413,EUR,NACE,Code,3511,Loan,No,NA,NA,NA,DL136,direct_loantaker,power,power,Nana Layja Power Co. Ltd.,nana layja power co. ltd.,1,loanbook
L85,C138,"Nanchong Electric Power Development Co., Ltd.",NA,NA,UP160,Kksk Sharira Wind,198713,EUR,18700323,EUR,NACE,Code,3511,Loan,No,NA,NA,NA,DL138,direct_loantaker,power,power,"Nanchong Electric Power Development Co., Ltd.","nanchong electric power development co., ltd.",1,loanbook
L83,C140,Nandan Wind Energy Development,NA,NA,UP135,Innovent Sas,286873,EUR,19579833,EUR,NACE,Code,3511,Loan,No,NA,NA,NA,DL139,direct_loantaker,power,power,Nandan Wind Energy Development,nandan wind energy development,1,loanbook
L82,C141,Nandhi Spinning Mills Private Limited,NA,NA,UP88,Elaqua Ag,260889,EUR,19320609,EUR,NACE,Code,3511,Loan,No,NA,NA,NA,DL140,direct_loantaker,power,power,Nandhi Spinning Mills Private Limited,nandhi spinning mills private limited,1,loanbook
L81,C142,Nandi Roller Flour Mills Pvt. Ltd.,IP4,Nandi Roller Inc.,UP293,Vier Industry And Trade Mate Ltd,411225,EUR,20820405,EUR,NACE,Code,3511,Loan,No,NA,NA,NA,DL141,direct_loantaker,power,power,Nandi Roller Flour Mills Pvt. Ltd.,nandi roller flour mills pvt. ltd.,1,loanbook
L80,C143,Naniwa Energy Llc,NA,NA,UP151,Jp Jewellers,401017,EUR,20718567,EUR,NACE,Code,3511,Loan,No,NA,NA,NA,DL142,direct_loantaker,power,power,Naniwa Energy Llc,naniwa energy llc,1,loanbook
L79,C144,Nanjing Chemical Industries Co Ltd,NA,NA,UP204,Parque De Generacion Aguaprieta Sapi De Cv,283161,EUR,19542801,EUR,NACE,Code,3511,Loan,No,NA,NA,NA,DL143,direct_loantaker,power,power,Nanjing Chemical Industries Co Ltd,nanjing chemical industries co ltd,1,loanbook
L78,C145,Nanjing Gcl New Energy,NA,NA,UP21,Armada Kommunfastigheter Ab,257177,EUR,19283577,EUR,NACE,Code,3511,Loan,No,NA,NA,NA,DL144,direct_loantaker,power,power,Nanjing Gcl New Energy,nanjing gcl new energy,1,loanbook
L77,C146,Nanjing Guodian Nanjing Automation New Energy Technology Co Ltd,NA,NA,UP272,Techint Compagnia Tecnica Internazionale Spa,404729,EUR,20755599,EUR,NACE,Code,3511,Loan,No,NA,NA,NA,DL145,direct_loantaker,power,power,Nanjing Guodian Nanjing Automation New Energy Technology Co Ltd,nanjing guodian nanjing automation new energy technology co ltd,1,loanbook
L76,C228,"Yichun Xinganling Wind Power Co., Ltd.",NA,NA,UP34,Biopower Systems Pty Ltd,399161,EUR,20700051,EUR,NACE,Code,3511,Loan,No,NA,NA,NA,DL228,direct_loantaker,power,power,"Yichun Xinganling Wind Power Co., Ltd.","yichun xinganling wind power co., ltd.",1,loanbook
L75,C229,"Yidu East Sunshine Industrial Development Co., Ltd.",NA,NA,UP216,Quest Energy Llc,277593,EUR,19487253,EUR,NACE,Code,3511,Loan,No,NA,NA,NA,DL229,direct_loantaker,power,power,"Yidu East Sunshine Industrial Development Co., Ltd.","yidu east sunshine industrial development co., ltd.",1,loanbook
L74,C230,"Yilan Longyuan Huineng Wind Power Co., Ltd.",NA,NA,UP65,City Of Utsunomiya,254393,EUR,19255803,EUR,NACE,Code,3511,Loan,No,NA,NA,NA,DL230,direct_loantaker,power,power,"Yilan Longyuan Huineng Wind Power Co., Ltd.","yilan longyuan huineng wind power co., ltd.",1,loanbook
L73,C231,Yildirim Energy Investments Inc,NA,NA,UP74,Dakota Magic Casino & Hotel,349977,EUR,20209377,EUR,NACE,Code,3511,Loan,No,NA,NA,NA,DL231,direct_loantaker,power,power,Yildirim Energy Investments Inc,yildirim energy investments inc,1,loanbook
L72,C232,Yildirim Group,NA,NA,UP280,"Tri Energy Co., Ltd.",380601,EUR,20514891,EUR,NACE,Code,3511,Loan,No,NA,NA,NA,DL232,direct_loantaker,power,power,Yildirim Group,yildirim group,1,loanbook
L71,C233,Yildiz Enerji Elektrik Uretim A.S.,NA,NA,UP93,Epr Thetford Limited,271097,EUR,19422447,EUR,NACE,Code,3511,Loan,No,NA,NA,NA,DL233,direct_loantaker,power,power,Yildiz Enerji Elektrik Uretim A.S.,yildiz enerji elektrik uretim a.s.,1,loanbook
L70,C234,Yiliang Dianneng Luoze River Basin Power Generation Limited,NA,NA,UP124,Hidroel. Coto Minero. S.A.,253465,EUR,19246545,EUR,NACE,Code,3511,Loan,No,NA,NA,NA,DL234,direct_loantaker,power,power,Yiliang Dianneng Luoze River Basin Power Generation Limited,yiliang dianneng luoze river basin power generation limited,1,loanbook
L69,C235,Yima Jinjiang Energy Comprehensive Utilisation Company Limited,NA,NA,UP241,Shah Foils Pvt Ltd,233977,EUR,19052127,EUR,NACE,Code,3511,Loan,No,NA,NA,NA,DL235,direct_loantaker,power,power,Yima Jinjiang Energy Comprehensive Utilisation Company Limited,yima jinjiang energy comprehensive utilisation company limited,1,loanbook
L68,C236,Yin Ech,NA,NA,UP86,Edison Mission Group Inc.,379673,EUR,20505633,EUR,NACE,Code,3511,Loan,No,NA,NA,NA,DL236,direct_loantaker,power,power,Yin Ech,yin ech,1,loanbook
L67,C237,"Yingjiang County Binglang River Hydroelectric Power Co., Ltd.",NA,NA,UP175,"Maple Leaf Dairy, Inc.",264601,EUR,19357641,EUR,NACE,Code,3511,Loan,No,NA,NA,NA,DL237,direct_loantaker,power,power,"Yingjiang County Binglang River Hydroelectric Power Co., Ltd.","yingjiang county binglang river hydroelectric power co., ltd.",1,loanbook
L66,C238,"Yingjiang County Mingliang Trading Co., Ltd.",NA,NA,UP131,Hydro Jet (Pvt) Ltd,251609,EUR,19228029,EUR,NACE,Code,3511,Loan,No,NA,NA,NA,DL238,direct_loantaker,power,power,"Yingjiang County Mingliang Trading Co., Ltd.","yingjiang county mingliang trading co., ltd.",1,loanbook
L65,C239,"Yingjiang Hongfu Investment Co., Ltd.",NA,NA,UP76,Destilaria Alcidia S/A,399161,EUR,20700051,EUR,NACE,Code,3511,Loan,No,NA,NA,NA,DL239,direct_loantaker,power,power,"Yingjiang Hongfu Investment Co., Ltd.","yingjiang hongfu investment co., ltd.",1,loanbook
L64,C240,"Yingjiang Longhui Co., Ltd.",NA,NA,UP261,St. Mary Home,376889,EUR,20477859,EUR,NACE,Code,3511,Loan,No,NA,NA,NA,DL240,direct_loantaker,power,power,"Yingjiang Longhui Co., Ltd.","yingjiang longhui co., ltd.",1,loanbook
L63,C241,Yingjiang Mengdian River Second Level Power Station Co Ltd.,NA,NA,UP221,Rosa Flora Ltd.,252537,EUR,19237287,EUR,NACE,Code,3511,Loan,No,NA,NA,NA,DL241,direct_loantaker,power,power,Yingjiang Mengdian River Second Level Power Station Co Ltd.,yingjiang mengdian river second level power station co ltd.,1,loanbook
L62,C242,Yingjiang Mengyuan Electricity Development Co Ltd,NA,NA,UP13,Alands Vindkraft Ab,238617,EUR,19098417,EUR,NACE,Code,3511,Loan,No,NA,NA,NA,DL242,direct_loantaker,power,power,Yingjiang Mengyuan Electricity Development Co Ltd,yingjiang mengyuan electricity development co ltd,1,loanbook
L61,C243,"Yingjiang Mingyu Electric Power Development Co.,Ltd.",NA,NA,UP252,"Sky Volt, Llc",405657,EUR,20764857,EUR,NACE,Code,3511,Loan,No,NA,NA,NA,DL243,direct_loantaker,power,power,"Yingjiang Mingyu Electric Power Development Co.,Ltd.","yingjiang mingyu electric power development co.,ltd.",1,loanbook
L60,C244,"Yingjiang Mulong River Hydropower Exploitation Co., Ltd.",NA,NA,UP199,Oekostrom Ag,371321,EUR,20422311,EUR,NACE,Code,3511,Loan,No,NA,NA,NA,DL244,direct_loantaker,power,power,"Yingjiang Mulong River Hydropower Exploitation Co., Ltd.","yingjiang mulong river hydropower exploitation co., ltd.",1,loanbook
L59,C245,Yingjiang Nandihe Hydropower Co. Ltd.,NA,NA,UP169,Lakshmi Ring Travellers (Coimbatore) Ltd.,249753,EUR,19209513,EUR,NACE,Code,3511,Loan,No,NA,NA,NA,DL245,direct_loantaker,power,power,Yingjiang Nandihe Hydropower Co. Ltd.,yingjiang nandihe hydropower co. ltd.,1,loanbook
L58,C246,Yingli Energy (China) Co Ltd,NA,NA,UP166,Kuopion Energia Oy,234905,EUR,19061385,EUR,NACE,Code,3511,Loan,No,NA,NA,NA,DL246,direct_loantaker,power,power,Yingli Energy (China) Co Ltd,yingli energy (china) co ltd,1,loanbook
L57,C247,Yingli Green Energy Holding Co Ltd,NA,NA,UP85,Ecoware S.P.A.,382457,EUR,20533407,EUR,NACE,Code,3511,Loan,No,NA,NA,NA,DL247,direct_loantaker,power,power,Yingli Green Energy Holding Co Ltd,yingli green energy holding co ltd,1,loanbook
L55,C249,"Yiyang Baoyuan Power Generation Co., Ltd.",NA,NA,UP72,Dahua Engineering Management,239545,EUR,19107675,EUR,NACE,Code,3511,Loan,No,NA,NA,NA,DL249,direct_loantaker,power,power,"Yiyang Baoyuan Power Generation Co., Ltd.","yiyang baoyuan power generation co., ltd.",1,loanbook
L54,C250,Yiyang Kaidi Green Energy Development Co. Ltd.,NA,NA,UP43,Cattle Farm Tamminga,232121,EUR,19033611,EUR,NACE,Code,3511,Loan,No,NA,NA,NA,DL250,direct_loantaker,power,power,Yiyang Kaidi Green Energy Development Co. Ltd.,yiyang kaidi green energy development co. ltd.,1,loanbook
L53,C251,Ykk Gps (Queensland) Pty Ltd.,NA,NA,UP91,Energiegenossenschaft Schwalm-Knull Eg,325849,EUR,19968669,EUR,NACE,Code,3511,Loan,No,NA,NA,NA,DL251,direct_loantaker,power,power,Ykk Gps (Queensland) Pty Ltd.,ykk gps (queensland) pty ltd.,1,loanbook
L52,C252,"Ykk Usa, Inc.",NA,NA,UP73,Daimachi Natural Energy Research Inc,358329,EUR,20292699,EUR,NACE,Code,3511,Loan,No,NA,NA,NA,DL252,direct_loantaker,power,power,"Ykk Usa, Inc.","ykk usa, inc.",1,loanbook
L50,C254,Ymca Milford/Woodruff,NA,NA,UP219,Renova Group,231193,EUR,19024353,EUR,NACE,Code,3511,Loan,No,NA,NA,NA,DL254,direct_loantaker,power,power,Ymca Milford/Woodruff,ymca milford/woodruff,1,loanbook
L51,C253,Ymc Build More Pvt Ltd,NA,NA,UP90,Empresa Administradora Chungar Sac,236761,EUR,19079901,EUR,NACE,Code,3511,Loan,No,NA,NA,NA,DL253,direct_loantaker,power,power,Ymc Build More Pvt Ltd,ymc build more pvt ltd,1,loanbook
L49,C255,Yoki Alimentos Sa,NA,NA,UP66,Classic Textiles,305433,EUR,19764993,EUR,NACE,Code,3511,Loan,No,NA,NA,NA,DL255,direct_loantaker,power,power,Yoki Alimentos Sa,yoki alimentos sa,1,loanbook
L48,C256,Yolo County,NA,NA,UP201,Oshawa Power And Utilities Corporation,240473,EUR,19116933,EUR,NACE,Code,3511,Loan,No,NA,NA,NA,DL256,direct_loantaker,power,power,Yolo County,yolo county,1,loanbook
L47,C257,Yolo County Flood Control & Water Conservation District,IP3,Yolo Regional District,UP38,Brikel Ead,411225,EUR,20820405,EUR,NACE,Code,3511,Loan,No,NA,NA,NA,DL257,direct_loantaker,power,power,Yolo County Flood Control & Water Conservation District,yolo county flood control & water conservation district,1,loanbook
L46,C258,Yonden Engineering Corporation,NA,NA,UP17,Angabergs Lantbruks Ab,311001,EUR,19820541,EUR,NACE,Code,3511,Loan,No,NA,NA,NA,DL258,direct_loantaker,power,power,Yonden Engineering Corporation,yonden engineering corporation,1,loanbook
L45,C259,Yondenko Corp,NA,NA,UP156,"Karumai Nishi Solar, Llc.",352761,EUR,20237151,EUR,NACE,Code,3511,Loan,No,NA,NA,NA,DL259,direct_loantaker,power,power,Yondenko Corp,yondenko corp,1,loanbook
L44,C260,Yongchang Dongfang Hydropower Development Co. Ltd.,NA,NA,UP278,Tongaat Hulett Sugar Limited,357401,EUR,20283441,EUR,NACE,Code,3511,Loan,No,NA,NA,NA,DL260,direct_loantaker,power,power,Yongchang Dongfang Hydropower Development Co. Ltd.,yongchang dongfang hydropower development co. ltd.,1,loanbook
L43,C261,Yongcheng Coal & Electricity Holding Group Co Ltd,NA,NA,UP152,Jsw Group,230265,EUR,19015095,EUR,NACE,Code,3511,Loan,No,NA,NA,NA,DL261,direct_loantaker,power,power,Yongcheng Coal & Electricity Holding Group Co Ltd,yongcheng coal & electricity holding group co ltd,1,loanbook
L42,C262,"Yongji Co-Generation Power Co., Ltd.",NA,NA,UP30,Bethlehem Hydro (Pty) Ltd.,224697,EUR,18959547,EUR,NACE,Code,3511,Loan,No,NA,NA,NA,DL262,direct_loantaker,power,power,"Yongji Co-Generation Power Co., Ltd.","yongji co-generation power co., ltd.",1,loanbook
L41,C263,"Yongren County Wanyuan Hydropower Development Co., Ltd.",NA,NA,UP97,Fg Wilson (Engineering) Limited,275737,EUR,19468737,EUR,NACE,Code,3511,Loan,No,NA,NA,NA,DL263,direct_loantaker,power,power,"Yongren County Wanyuan Hydropower Development Co., Ltd.","yongren county wanyuan hydropower development co., ltd.",1,loanbook
L40,C264,"Yongzhou Jingyuan Integrated Development Co., Ltd.",NA,NA,UP259,South African Renewable Green Energy (Pty) Ltd,350905,EUR,20218635,EUR,NACE,Code,3511,Loan,No,NA,NA,NA,DL264,direct_loantaker,power,power,"Yongzhou Jingyuan Integrated Development Co., Ltd.","yongzhou jingyuan integrated development co., ltd.",1,loanbook
L39,C265,"Yongzhou Lengshuitan Shunhe Hydropower Co., Ltd.",NA,NA,UP188,Mrs. V. Sabithamani,208921,EUR,18802161,EUR,NACE,Code,3511,Loan,No,NA,NA,NA,DL265,direct_loantaker,power,power,"Yongzhou Lengshuitan Shunhe Hydropower Co., Ltd.","yongzhou lengshuitan shunhe hydropower co., ltd.",1,loanbook
L38,C266,"Yongzhou Zhongxin Hydropower Development Co., Ltd.",NA,NA,UP257,Soundararaja Mills Limited,223769,EUR,18950289,EUR,NACE,Code,3511,Loan,No,NA,NA,NA,DL266,direct_loantaker,power,power,"Yongzhou Zhongxin Hydropower Development Co., Ltd.","yongzhou zhongxin hydropower development co., ltd.",1,loanbook
L36,C268,York Cogeneration Corporation,NA,NA,UP109,Global Green Power Plc,327705,EUR,19987185,EUR,NACE,Code,3511,Loan,No,NA,NA,NA,DL268,direct_loantaker,power,power,York Cogeneration Corporation,york cogeneration corporation,1,loanbook
L35,C269,York County Solid Waste Authority,NA,NA,UP173,Man Diesel Se,207065,EUR,18783645,EUR,NACE,Code,3511,Loan,No,NA,NA,NA,DL269,direct_loantaker,power,power,York County Solid Waste Authority,york county solid waste authority,1,loanbook
L32,C272,Yorkshire Water Services Ltd,NA,NA,UP190,Nagpur Tools Pvt. Ltd.,320281,EUR,19913121,EUR,NACE,Code,3511,Loan,No,NA,NA,NA,DL272,direct_loantaker,power,power,Yorkshire Water Services Ltd,yorkshire water services ltd,1,loanbook
L31,C273,Yorkshire Windpower Limited,NA,NA,UP5,Agni Steels Private Limited,204281,EUR,18755871,EUR,NACE,Code,3511,Loan,No,NA,NA,NA,DL273,direct_loantaker,power,power,Yorkshire Windpower Limited,yorkshire windpower limited,1,loanbook
L33,C271,York University,NA,NA,UP203,"Pantanal Energetica, Ltda.",378745,EUR,20496375,EUR,NACE,Code,3511,Loan,No,NA,NA,NA,DL271,direct_loantaker,power,power,York University,york university,1,loanbook
L30,C274,Yosemite Unified School District,NA,NA,UP33,Bhushan Energy Ltd.,209849,EUR,18811419,EUR,NACE,Code,3511,Loan,No,NA,NA,NA,DL274,direct_loantaker,power,power,Yosemite Unified School District,yosemite unified school district,1,loanbook
L29,C275,Younas Brothers Group,NA,NA,UP246,Shivnath Rai Harnarain (India) Ltd.,267385,EUR,-242,EUR,NACE,Code,3511,Loan,No,NA,NA,NA,DL275,direct_loantaker,power,power,Younas Brothers Group,younas brothers group,1,loanbook
L28,C276,"Youngduk Wind Power Co., Ltd.",NA,NA,UP195,Northstone Power Corp.,315641,EUR,-5000000,EUR,NACE,Code,3511,Loan,No,NA,NA,NA,DL276,direct_loantaker,power,power,"Youngduk Wind Power Co., Ltd.","youngduk wind power co., ltd.",1,loanbook
L27,C278,Younicos Ag,NA,NA,UP45,Ce Energy Holding Ag,197785,EUR,0,EUR,NACE,Code,3511,Loan,No,NA,NA,NA,DL278,direct_loantaker,power,power,Younicos Ag,younicos ag,1,loanbook
L25,C281,Ypf Sa,NA,NA,UP296,Viridian Energy Supply,266457,EUR,19376157,EUR,NACE,Code,3511,Loan,No,NA,NA,NA,DL281,direct_loantaker,power,power,Ypf Sa,ypf sa,1,loanbook
L24,C282,Ypfb Corporacion,NA,NA,UP209,Phoenix Energy,309145,EUR,19802025,EUR,NACE,Code,3511,Loan,No,NA,NA,NA,DL282,direct_loantaker,power,power,Ypfb Corporacion,ypfb corporacion,1,loanbook
L26,C280,Ypf Energia Electrica Sa,NA,NA,UP67,"Coast Intelligen, Inc",199641,EUR,0,EUR,NACE,Code,3511,Loan,No,NA,NA,NA,DL280,direct_loantaker,power,power,Ypf Energia Electrica Sa,ypf energia electrica sa,1,loanbook
L23,C283,Ypic International Energy Cooperation & Development Company,NA,NA,UP297,Wallenstam Vindkraft Nyckeltorp Ab,195929,EUR,18672549,EUR,NACE,Code,3511,Loan,No,NA,NA,NA,DL283,direct_loantaker,power,power,Ypic International Energy Cooperation & Development Company,ypic international energy cooperation & development company,1,loanbook
L22,C285,Ytl Corp Bhd,NA,NA,UP187,Mr. Lay Se.,196857,EUR,18681807,EUR,NACE,Code,3511,Loan,No,NA,NA,NA,DL285,direct_loantaker,power,power,Ytl Corp Bhd,ytl corp bhd,1,loanbook
L21,C286,Ytl Power International Bhd,NA,NA,UP63,Cisa Spa,226553,EUR,18978063,EUR,NACE,Code,3511,Loan,No,NA,NA,NA,DL286,direct_loantaker,power,power,Ytl Power International Bhd,ytl power international bhd,1,loanbook
L20,C287,Ytl Powerseraya Pte Ltd,NA,NA,UP35,Bnb Renewable Energy Holdings Llc,308217,EUR,19792767,EUR,NACE,Code,3511,Loan,No,NA,NA,NA,DL287,direct_loantaker,power,power,Ytl Powerseraya Pte Ltd,ytl powerseraya pte ltd,1,loanbook
L13,C297,Yuba City Cogeneration Partners Lp,NA,NA,UP69,Consorcio Integrador Sonora80m,200569,EUR,18718839,EUR,NACE,Code,3511,Loan,No,NA,NA,NA,DL297,direct_loantaker,power,power,Yuba City Cogeneration Partners Lp,yuba city cogeneration partners lp,1,loanbook
L6,C304,Yukon Development Corp,NA,NA,UP83,Earthpower Technologies Sydney Pty Ltd,185721,EUR,18570711,EUR,NACE,Code,3511,Loan,No,NA,NA,NA,DL304,direct_loantaker,power,power,Yukon Development Corp,yukon development corp,1,loanbook
L101,C45,Hakushin Kisen,NA,NA,UP22,Arriva Shipping As,321209,EUR,19922379,EUR,NACE,Code,3011,Loan,No,NA,NA,NA,DL44,direct_loantaker,shipping,shipping,Hakushin Kisen,hakushin kisen,1,loanbook
L102,C46,Hakuyo Kisen Kk,NA,NA,UP153,Kalkan Denizcilik Petrol,276665,EUR,19477995,EUR,NACE,Code,3011,Loan,No,NA,NA,NA,DL45,direct_loantaker,shipping,shipping,Hakuyo Kisen Kk,hakuyo kisen kk,1,loanbook
L103,C47,Hakvoort Transport Shipping Bv,NA,NA,UP189,Mulya Bahari Perkasa,307289,EUR,19783509,EUR,NACE,Code,3011,Loan,No,NA,NA,NA,DL46,direct_loantaker,shipping,shipping,Hakvoort Transport Shipping Bv,hakvoort transport shipping bv,1,loanbook
L104,C48,Hal Corporation Kk,NA,NA,UP271,Tanzania Govt,219129,EUR,18903999,EUR,NACE,Code,3011,Loan,No,NA,NA,NA,DL47,direct_loantaker,shipping,shipping,Hal Corporation Kk,hal corporation kk,1,loanbook
L105,C49,Halkidon Shipping Corp,NA,NA,UP284,Ukrainian Danube Shipping Co,367609,EUR,20385279,EUR,NACE,Code,3011,Loan,No,NA,NA,NA,DL48,direct_loantaker,shipping,shipping,Halkidon Shipping Corp,halkidon shipping corp,1,loanbook
L107,C51,Haltbakk Bunkers As,NA,NA,UP247,Showa Nittan Maritime Co Ltd,330489,EUR,20014959,EUR,NACE,Code,3011,Loan,No,NA,NA,NA,DL50,direct_loantaker,shipping,shipping,Haltbakk Bunkers As,haltbakk bunkers as,1,loanbook
L108,C52,Halten Bulk As,NA,NA,UP168,Labrador Marine Inc,221913,EUR,18931773,EUR,NACE,Code,3011,Loan,No,NA,NA,NA,DL51,direct_loantaker,shipping,shipping,Halten Bulk As,halten bulk as,1,loanbook
L110,C54,Hamaguchi Kaiun,NA,NA,UP287,United Shipping Lines Ltd,282233,EUR,19533543,EUR,NACE,Code,3011,Loan,No,NA,NA,NA,DL53,direct_loantaker,shipping,shipping,Hamaguchi Kaiun,hamaguchi kaiun,1,loanbook
L111,C55,Hamaguchi Kaiun Yk,NA,NA,UP313,Zhoushan Hefeng Shipping Co,348121,EUR,20190861,EUR,NACE,Code,3011,Loan,No,NA,NA,NA,DL54,direct_loantaker,shipping,shipping,Hamaguchi Kaiun Yk,hamaguchi kaiun yk,1,loanbook
L112,C56,Hamamoto Kaijo Yk,NA,NA,UP315,Zhoushan Zhongchang Shipping,228409,EUR,18996579,EUR,NACE,Code,3011,Loan,No,NA,NA,NA,DL55,direct_loantaker,shipping,shipping,Hamamoto Kaijo Yk,hamamoto kaijo yk,1,loanbook
L113,C57,Hamano Kaiun Kk,NA,NA,UP319,Zurich Ag,347193,EUR,20181603,EUR,NACE,Code,3011,Loan,No,NA,NA,NA,DL56,direct_loantaker,shipping,shipping,Hamano Kaiun Kk,hamano kaiun kk,1,loanbook
L114,C58,Hamasaki Kaiun Kk,NA,NA,UP143,Jet Shipmanagement Ltd,285017,EUR,19561317,EUR,NACE,Code,3011,Loan,No,NA,NA,NA,DL57,direct_loantaker,shipping,shipping,Hamasaki Kaiun Kk,hamasaki kaiun kk,1,loanbook
L115,C59,Hamaura Kaiun,NA,NA,UP125,Highland Maritime Co Ltd,353689,EUR,20246409,EUR,NACE,Code,3011,Loan,No,NA,NA,NA,DL58,direct_loantaker,shipping,shipping,Hamaura Kaiun,hamaura kaiun,1,loanbook
L116,C60,Hamayu Kaiun,NA,NA,UP42,Carten Shipping As,246041,EUR,19172481,EUR,NACE,Code,3011,Loan,No,NA,NA,NA,DL59,direct_loantaker,shipping,shipping,Hamayu Kaiun,hamayu kaiun,1,loanbook
L119,C63,Hamburger Lloyd,NA,NA,UP98,Foong Sun Shipping Pte Ltd,361113,EUR,20320473,EUR,NACE,Code,3011,Loan,No,NA,NA,NA,DL62,direct_loantaker,shipping,shipping,Hamburger Lloyd,hamburger lloyd,1,loanbook
L118,C62,Hamburg Sudamerikanische,NA,NA,UP197,Nsb Niederelbe Schiffahrtsges,290585,EUR,19616865,EUR,NACE,Code,3011,Loan,No,NA,NA,NA,DL61,direct_loantaker,shipping,shipping,Hamburg Sudamerikanische,hamburg sudamerikanische,1,loanbook
L117,C61,Hamburg Sud Italia Srl,NA,NA,UP244,Shanghai Dingheng Shpg Co Ltd,391737,EUR,20625987,EUR,NACE,Code,3011,Loan,No,NA,NA,NA,DL60,direct_loantaker,shipping,shipping,Hamburg Sud Italia Srl,hamburg sud italia srl,1,loanbook
L120,C64,Hamer Balikcilik Ve Denizcilik,NA,NA,UP310,Zadeh Mk,262745,EUR,19339125,EUR,NACE,Code,3011,Loan,No,NA,NA,NA,DL63,direct_loantaker,shipping,shipping,Hamer Balikcilik Ve Denizcilik,hamer balikcilik ve denizcilik,1,loanbook
L121,C65,Hamidavi A,NA,NA,UP111,Grater Trading Inc,220985,EUR,18922515,EUR,NACE,Code,3011,Loan,No,NA,NA,NA,DL64,direct_loantaker,shipping,shipping,Hamidavi A,hamidavi a,1,loanbook
L122,C66,Hammann & Prahm Reederei Gmbh,NA,NA,UP177,Mayaka Owanga E,292441,EUR,19635381,EUR,NACE,Code,3011,Loan,No,NA,NA,NA,DL65,direct_loantaker,shipping,shipping,Hammann & Prahm Reederei Gmbh,hammann & prahm reederei gmbh,1,loanbook
L123,C67,Hammonia Reederei Gmbh,NA,NA,UP205,Pasabahce Denizcilik Turizm,364825,EUR,20357505,EUR,NACE,Code,3011,Loan,No,NA,NA,NA,DL66,direct_loantaker,shipping,shipping,Hammonia Reederei Gmbh,hammonia reederei gmbh,1,loanbook
L124,C68,Hammy Distributors & Services,NA,NA,UP16,Alyzia Shipping Co,274809,EUR,19459479,EUR,NACE,Code,3011,Loan,No,NA,NA,NA,DL67,direct_loantaker,shipping,shipping,Hammy Distributors & Services,hammy distributors & services,1,loanbook
L109,C53,Ham Rong Shipping Jsc,NA,NA,UP281,Tsetan-Bunker Co Ltd,250681,EUR,19218771,EUR,NACE,Code,3011,Loan,No,NA,NA,NA,DL52,direct_loantaker,shipping,shipping,Ham Rong Shipping Jsc,ham rong shipping jsc,1,loanbook
L125,C69,Hamza Engineering & Electric,NA,NA,UP314,Zhoushan Yongcheng Marine Co,244185,EUR,19153965,EUR,NACE,Code,3011,Loan,No,NA,NA,NA,DL68,direct_loantaker,shipping,shipping,Hamza Engineering & Electric,hamza engineering & electric,1,loanbook
L126,C70,Hamza Shipping Co,NA,NA,UP172,Mammiri Line Pt,302649,EUR,19737219,EUR,NACE,Code,3011,Loan,No,NA,NA,NA,DL69,direct_loantaker,shipping,shipping,Hamza Shipping Co,hamza shipping co,1,loanbook
L134,C78,Hana Marine Co Ltd,NA,NA,UP167,Kurilskiy Rybak Jsc,326777,EUR,19977927,EUR,NACE,Code,3011,Loan,No,NA,NA,NA,DL77,direct_loantaker,shipping,shipping,Hana Marine Co Ltd,hana marine co ltd,1,loanbook
L135,C79,Hanaro Shipping Co Ltd-Busan,NA,NA,UP24,Avin International Ltd,400089,EUR,20709309,EUR,NACE,Code,3011,Loan,No,NA,NA,NA,DL78,direct_loantaker,shipping,shipping,Hanaro Shipping Co Ltd-Busan,hanaro shipping co ltd-busan,1,loanbook
L136,C80,Hanaro Shipping Co Ltd-Seoul,NA,NA,UP137,Ir-Bos Trans Ltd,247897,EUR,19190997,EUR,NACE,Code,3011,Loan,No,NA,NA,NA,DL79,direct_loantaker,shipping,shipping,Hanaro Shipping Co Ltd-Seoul,hanaro shipping co ltd-seoul,1,loanbook
L137,C81,Handal Mutiara Pacific,NA,NA,UP75,Dan Xuan Shipping Co Ltd,259033,EUR,19302093,EUR,NACE,Code,3011,Loan,No,NA,NA,NA,DL80,direct_loantaker,shipping,shipping,Handal Mutiara Pacific,handal mutiara pacific,1,loanbook
L127,C71,Han Dong,NA,NA,UP222,Rosneft Jsc,365753,EUR,20366763,EUR,NACE,Code,3011,Loan,No,NA,NA,NA,DL70,direct_loantaker,shipping,shipping,Han Dong,han dong,1,loanbook
L138,C82,Handong Marine,NA,NA,UP101,Fujian Province Nan'An City,310073,EUR,19811283,EUR,NACE,Code,3011,Loan,No,NA,NA,NA,DL81,direct_loantaker,shipping,shipping,Handong Marine,handong marine,1,loanbook
L140,C84,Handytankers K/S,NA,NA,UP273,Thanh Trung Transport Co Ltd,299865,EUR,19709445,EUR,NACE,Code,3011,Loan,No,NA,NA,NA,DL83,direct_loantaker,shipping,shipping,Handytankers K/S,handytankers k/s,1,loanbook
L141,C85,Hanei Kaiun,NA,NA,UP228,Sampaguita Shipping Corp,190361,EUR,18617001,EUR,NACE,Code,3011,Loan,No,NA,NA,NA,DL84,direct_loantaker,shipping,shipping,Hanei Kaiun,hanei kaiun,1,loanbook
L128,C72,Han Gang Tankers Inc,NA,NA,UP249,Simon Mokster Shipping As,287801,EUR,19589091,EUR,NACE,Code,3011,Loan,No,NA,NA,NA,DL71,direct_loantaker,shipping,shipping,Han Gang Tankers Inc,han gang tankers inc,1,loanbook
L142,C86,Hang Hai Co Ltd,NA,NA,UP4,Africon Shipping Sa,318425,EUR,19894605,EUR,NACE,Code,3011,Loan,No,NA,NA,NA,DL85,direct_loantaker,shipping,shipping,Hang Hai Co Ltd,hang hai co ltd,1,loanbook
L144,C88,Hangli Shipping Pte Ltd,NA,NA,UP308,Yu Xing Shipping Ltd,313785,EUR,19848315,EUR,NACE,Code,3011,Loan,No,NA,NA,NA,DL87,direct_loantaker,shipping,shipping,Hangli Shipping Pte Ltd,hangli shipping pte ltd,1,loanbook
L143,C87,Hang Woo Ship Management Ltd,NA,NA,UP239,Sea-Cargo As,385241,EUR,20561181,EUR,NACE,Code,3011,Loan,No,NA,NA,NA,DL86,direct_loantaker,shipping,shipping,Hang Woo Ship Management Ltd,hang woo ship management ltd,1,loanbook
L129,C73,Han Il Shipping,NA,NA,UP311,Zhang Yf,394521,EUR,20653761,EUR,NACE,Code,3011,Loan,No,NA,NA,NA,DL72,direct_loantaker,shipping,shipping,Han Il Shipping,han il shipping,1,loanbook
L146,C90,Hanison,NA,NA,UP210,Picnic Marine Co Ltd,322137,EUR,19931637,EUR,NACE,Code,3011,Loan,No,NA,NA,NA,DL89,direct_loantaker,shipping,shipping,Hanison,hanison,1,loanbook
L148,C92,Hanjin Overseas Bulk Ltd,NA,NA,UP162,Korea Uljibong Shipping Co,317497,EUR,19885347,EUR,NACE,Code,3011,Loan,No,NA,NA,NA,DL91,direct_loantaker,shipping,shipping,Hanjin Overseas Bulk Ltd,hanjin overseas bulk ltd,1,loanbook
L149,C93,Hanjin Overseas Tanker Pte Ltd,NA,NA,UP108,Giant Shipping Lines,218201,EUR,18894741,EUR,NACE,Code,3011,Loan,No,NA,NA,NA,DL92,direct_loantaker,shipping,shipping,Hanjin Overseas Tanker Pte Ltd,hanjin overseas tanker pte ltd,1,loanbook
L150,C94,Hanjin Shipping Co Ltd,NA,NA,UP179,Mentari Surya Pradana Pt,323993,EUR,19950153,EUR,NACE,Code,3011,Loan,No,NA,NA,NA,DL93,direct_loantaker,shipping,shipping,Hanjin Shipping Co Ltd,hanjin shipping co ltd,1,loanbook
L130,C74,Han Navigator Shipping Pte Ltd,NA,NA,UP155,Kartrade Oil Ltd,306361,EUR,19774251,EUR,NACE,Code,3011,Loan,No,NA,NA,NA,DL73,direct_loantaker,shipping,shipping,Han Navigator Shipping Pte Ltd,han navigator shipping pte ltd,1,loanbook
L131,C75,Han Ren Heavylift Shipping Co,NA,NA,UP12,Akij Shipping Line Ltd,372249,EUR,20431569,EUR,NACE,Code,3011,Loan,No,NA,NA,NA,DL74,direct_loantaker,shipping,shipping,Han Ren Heavylift Shipping Co,han ren heavylift shipping co,1,loanbook
L132,C76,Han Ship Management Pte Ltd,NA,NA,UP291,Valour Offshore Marine Service,289657,EUR,19607607,EUR,NACE,Code,3011,Loan,No,NA,NA,NA,DL75,direct_loantaker,shipping,shipping,Han Ship Management Pte Ltd,han ship management pte ltd,1,loanbook
L133,C77,Han Sung Line Co Ltd,NA,NA,UP55,China Shipping Bulk Carrier Co,248825,EUR,19200255,EUR,NACE,Code,3011,Loan,No,NA,NA,NA,DL76,direct_loantaker,shipping,shipping,Han Sung Line Co Ltd,han sung line co ltd,1,loanbook
L84,C139,Mom and Pop Family Business,IP8,Nanco Hosiery Mills,UP263,Standard Solar Inc,408441,EUR,20792631,EUR,NACE,Code,3511,Loan,No,NA,NA,NA,IP15,intermediate_parent_1,power,power,Nanco Hosiery Mills,nanco hosiery mills,1,loanbook
L179,C216,Volvo Truck And Bus,NA,NA,UP258,South-East Automobile,402873,EUR,20737083,EUR,NACE,Code,291,Loan,No,NA,NA,NA,UP259,ultimate_parent,automotive,automotive,South-East Automobile,south-east automobile,1,loanbook
L223,C307,Yunnan Cement,NA,NA,UP2,Achinsky Glinoziemskij Kombinat,265529,EUR,19366899,EUR,NACE,Code,2351,Loan,No,NA,NA,NA,UP2,ultimate_parent,cement,cement,Achinsky Glinoziemskij Kombinat,achinsky glinoziemskij kombinat,1,loanbook
L239,C164,Sanshui Beijiang Industrial,IP1,Sanshui Beijan Industrial Co,UP26,Azar-Abedagan Khoy,412153,EUR,20829663,EUR,NACE,Code,2351,Loan,No,NA,NA,NA,UP26,ultimate_parent,cement,cement,Azar-Abedagan Khoy,azar-abedagan khoy,1,loanbook
L238,C226,Yantai Haiyang Cement,NA,NA,UP39,Bua Group,210777,EUR,18820677,EUR,NACE,Code,2351,Loan,No,NA,NA,NA,UP39,ultimate_parent,cement,cement,Bua Group,bua group,1,loanbook
L211,C96,Hebei Quzhai Cement Group,NA,NA,UP49,Cemex Nicaragua,268313,EUR,19394673,EUR,NACE,Code,2351,Loan,No,NA,NA,NA,UP49,ultimate_parent,cement,cement,Cemex Nicaragua,cemex nicaragua,1,loanbook
L210,C95,Harbin Quanxing Cement,NA,NA,UP60,Cimento Nassau,384313,EUR,20551923,EUR,NACE,Code,2351,Loan,No,NA,NA,NA,UP60,ultimate_parent,cement,cement,Cimento Nassau,cimento nassau,1,loanbook
L224,C174,Shanxi Aluminium Manufacturer Jinshui Cement,NA,NA,UP68,Cockburn Cement,246969,EUR,19181739,EUR,NACE,Code,2351,Loan,No,NA,NA,NA,UP68,ultimate_parent,cement,cement,Cockburn Cement,cockburn cement,1,loanbook
L201,C104,Inner Mongolia Linxi Town Yiwande Industry,NA,NA,UP117,Hachinohe Cement,188505,EUR,18598485,EUR,NACE,Code,2351,Loan,No,NA,NA,NA,UP117,ultimate_parent,cement,cement,Hachinohe Cement,hachinohe cement,1,loanbook
L217,C16,Cenves,NA,NA,UP129,Hume Cement,243257,EUR,19144707,EUR,NACE,Code,2351,Loan,No,NA,NA,NA,UP129,ultimate_parent,cement,cement,Hume Cement,hume cement,1,loanbook
L213,C102,Hubei Jinglan Group,NA,NA,UP133,Industriya-Plus,237689,EUR,19089159,EUR,NACE,Code,2351,Loan,No,NA,NA,NA,UP133,ultimate_parent,cement,cement,Industriya-Plus,industriya-plus,1,loanbook
L208,C108,Jiyuan Taihang Cement,NA,NA,UP236,Sardar Cement,395449,EUR,20663019,EUR,NACE,Code,2351,Loan,No,NA,NA,NA,UP236,ultimate_parent,cement,cement,Sardar Cement,sardar cement,1,loanbook
L202,C98,Henan Yanshi Cement Plant,NA,NA,UP260,Spenner Zement Gmbh,374105,EUR,20450085,EUR,NACE,Code,2351,Loan,No,NA,NA,NA,UP260,ultimate_parent,cement,cement,Spenner Zement Gmbh,spenner zement gmbh,1,loanbook
L219,C36,Ghadir Investment Company,NA,NA,UP275,Tiger Head Cement,397305,EUR,20681535,EUR,NACE,Code,2351,Loan,No,NA,NA,NA,UP275,ultimate_parent,cement,cement,Tiger Head Cement,tiger head cement,1,loanbook
L298,C105,International Finance Corp,NA,NA,UP107,Genel Energy Plc,300031,EUR,300031,EUR,NACE,Code,610,Loan,No,NA,NA,NA,UP107,ultimate_parent,oil and gas,oil and gas,Genel Energy Plc,genel energy plc,1,loanbook
L279,C147,Naphtha Israel Petroleum Corp Ltd,NA,NA,UP267,Storm Resources Ltd,300012,EUR,300012,EUR,NACE,Code,610,Loan,No,NA,NA,NA,UP267,ultimate_parent,oil and gas,oil and gas,Storm Resources Ltd,storm resources ltd,1,loanbook
L294,C111,Kinder Morgan Inc/De,NA,NA,UP302,Wpx Energy Inc,300027,EUR,300027,EUR,NACE,Code,610,Loan,No,NA,NA,NA,UP302,ultimate_parent,oil and gas,oil and gas,Wpx Energy Inc,wpx energy inc,1,loanbook
L14,C296,Yuasfnjiang Elecdtric Psower Corpo,NA,NA,UP3,Affinity Renewables Inc.,187577,EUR,18589227,EUR,NACE,Code,3511,Loan,No,NA,NA,NA,UP3,ultimate_parent,power,power,Affinity Renewables Inc.,affinity renewables inc.,1,loanbook
L17,C290,Yu Wsang Shaanxi Huadian Coal Co Ltd,NA,NA,UP6,Agrenewables,205209,EUR,18765129,EUR,NACE,Code,3511,Loan,No,NA,NA,NA,UP6,ultimate_parent,power,power,Agrenewables,agrenewables,1,loanbook
L1,C294,Yuamen Xinneng Thermal Power Co Ltd,NA,NA,UP15,Alpine Knits India Pvt. Limited,225625,EUR,18968805,EUR,NACE,Code,3511,Loan,No,NA,NA,NA,UP15,ultimate_parent,power,power,Alpine Knits India Pvt. Limited,alpine knits india pvt. limited,1,loanbook
L10,C302,Yuexi County AAAA Xingguang Electricity Development Co. Ltd.,NA,NA,UP32,Bhagwan Energy Ltd.,186649,EUR,18579969,EUR,NACE,Code,3511,Loan,No,NA,NA,NA,UP32,ultimate_parent,power,power,Bhagwan Energy Ltd.,bhagwan energy ltd.,1,loanbook
L37,C267,York Capital Management Llc,NA,NA,UP40,Carleton College,220057,EUR,18913257,EUR,NACE,Code,3511,Loan,No,NA,NA,NA,UP40,ultimate_parent,power,power,Carleton College,carleton college,1,loanbook
L19,C289,Ytre Matrefd Energi As,NA,NA,UP78,Domica Fpi S.R.O.,194073,EUR,18654033,EUR,NACE,Code,3511,Loan,No,NA,NA,NA,UP78,ultimate_parent,power,power,Domica Fpi S.R.O.,domica fpi s.r.o.,1,loanbook
L11,C309,Yuxi ounty Liuan dropower elopment C. L,NA,NA,UP81,"Dynegy Midwest Generation, Inc.",191289,EUR,18626259,EUR,NACE,Code,3511,Loan,No,NA,NA,NA,UP81,ultimate_parent,power,power,"Dynegy Midwest Generation, Inc.","dynegy midwest generation, inc.",1,loanbook
L34,C270,York Research Corporation,NA,NA,UP100,Fugong Fengyuan Hydropower Development Co. Ltd.,217273,EUR,18885483,EUR,NACE,Code,3511,Loan,No,NA,NA,NA,UP100,ultimate_parent,power,power,Fugong Fengyuan Hydropower Development Co. Ltd.,fugong fengyuan hydropower development co. ltd.,1,loanbook
L5,C305,Yukon Energy Corp 1736,NA,NA,UP104,Garland Power & Light,406585,EUR,20774115,EUR,NACE,Code,3511,Loan,No,NA,NA,NA,UP104,ultimate_parent,power,power,Garland Power & Light,garland power & light,1,loanbook
L18,C284,Ysstterhogdals Elektriska Kraft Ab,NA,NA,UP121,"Helm Concentrates, Inc.",189433,EUR,18607743,EUR,NACE,Code,3511,Loan,No,NA,NA,NA,UP121,ultimate_parent,power,power,"Helm Concentrates, Inc.","helm concentrates, inc.",1,loanbook
L9,C301,Yuedxiu Corp One,IP10,Yuedxiu Group,UP138,Jai Bharat Gum & Chemicals Ltd.,407513,EUR,20783373,EUR,NACE,Code,3511,Loan,No,NA,NA,NA,UP138,ultimate_parent,power,power,Jai Bharat Gum & Chemicals Ltd.,jai bharat gum & chemicals ltd.,1,loanbook
L8,C303,Yueyang City Construction,NA,NA,UP163,Kraftwerk Mehrum Gmbh,291513,EUR,19626123,EUR,NACE,Code,3511,Loan,No,NA,NA,NA,UP163,ultimate_parent,power,power,Kraftwerk Mehrum Gmbh,kraftwerk mehrum gmbh,1,loanbook
L15,C295,Yuanbsaoshan Power Generation Co Ltd,NA,NA,UP196,Noshiro Forest Resources Utilization Cooperative Association,192217,EUR,18635517,EUR,NACE,Code,3511,Loan,No,NA,NA,NA,UP196,ultimate_parent,power,power,Noshiro Forest Resources Utilization Cooperative Association,noshiro forest resources utilization cooperative association,1,loanbook
L56,C248,Yit Corporation,NA,NA,UP224,Rtr Capital Srl,359257,EUR,20301957,EUR,NACE,Code,3511,Loan,No,NA,NA,NA,UP224,ultimate_parent,power,power,Rtr Capital Srl,rtr capital srl,1,loanbook
L12,C298,Yuba vdf County Water Agency,NA,NA,UP269,Summit Meghnaghat Power Co. Ltd.,294297,EUR,19653897,EUR,NACE,Code,3511,Loan,No,NA,NA,NA,UP269,ultimate_parent,power,power,Summit Meghnaghat Power Co. Ltd.,summit meghnaghat power co. ltd.,1,loanbook
L3,C292,Yuama Ethanol Llc,IP5,Yuama Inc.,UP288,University Of Iowa,410297,EUR,20811147,EUR,NACE,Code,3511,Loan,No,NA,NA,NA,UP288,ultimate_parent,power,power,University Of Iowa,university of iowa,1,loanbook
L145,C89,Hanil Express Co Ltd,NA,NA,UP157,Katsumaru Kaiun,214489,EUR,18857709,EUR,NACE,Code,3011,Loan,No,NA,NA,NA,UP157,ultimate_parent,shipping,shipping,Katsumaru Kaiun,katsumaru kaiun,1,loanbook
L147,C91,Hanjin Heavy Industries & Cons,NA,NA,UP165,Kuang Ming (Liberia) Corp,390809,EUR,20616729,EUR,NACE,Code,3011,Loan,No,NA,NA,NA,UP165,ultimate_parent,shipping,shipping,Kuang Ming (Liberia) Corp,kuang ming (liberia) corp,1,loanbook
L139,C83,Handong Shipbuilding Co Ltd,NA,NA,UP174,Manisa Bulk Uk Ltd,375961,EUR,20468601,EUR,NACE,Code,3011,Loan,No,NA,NA,NA,UP174,ultimate_parent,shipping,shipping,Manisa Bulk Uk Ltd,manisa bulk uk ltd,1,loanbook
L106,C50,Halong Import Export,NA,NA,UP306,Yosqui Investments Corp,280377,EUR,19515027,EUR,NACE,Code,3011,Loan,No,NA,NA,NA,UP306,ultimate_parent,shipping,shipping,Yosqui Investments Corp,yosqui investments corp,1,loanbook
